PC,explained_variance
1,0.05614549144191921
2,0.012522702837919801
3,0.010278142854790668
4,0.009492038283863306
5,0.00914666014272236
6,0.008794409368005584
7,0.008382223185177201
8,0.0080089307488389
9,0.0074924845851359655
10,0.007425385421343265
