PC,explained_variance
1,0.05136535228418673
2,0.014607377099942365
3,0.013495987042253946
4,0.011740790516738231
5,0.010952488118837445
6,0.010540439155359908
7,0.010364666999457543
8,0.010332132157693031
9,0.009782730163354165
10,0.009461502149107938
