PC,explained_variance
1,0.04210538675439754
2,0.015989306659388525
3,0.014674932985918118
4,0.014412651557161258
5,0.013998832770556167
6,0.013687161666169848
7,0.013492100657384081
8,0.01232421908216223
9,0.01203576144926293
10,0.011821364972303702
11,0.011770914229412083
12,0.011657751454758713
13,0.011383739985270664
14,0.011135199064105279
15,0.010581084611720259
16,0.01030873453428096
17,0.010164048884889422
18,0.010008348042978564
19,0.009645546829070494
20,0.009568985390027132
